sector,cal_q,n_positions,total_fv,total_par,n_explicit_pik,n_inferred_pik,n_zero_pik,n_distress_amendments,distress_amendment_fv,n_contractual_pik,n_cured_pik,mean_rate_share,mean_income_share,mean_cap_burden,mean_pos_expansion,pct_loans_expanded,weighted_rate_share,weighted_income_share,weighted_cap_expansion,pct_amendment_count,pct_amendment_fv
Communication & Media,2023Q1,595,6720186798.044,7118401128.71544,24,36,535,0,0.0,60,0,0.054673848414242616,0.0,-0.0007985417284895999,0.5082629237472045,0.005042016806722689,0.0,0.0,0.0005199197416289853,0.0,0.0
Communication & Media,2023Q2,621,6893599804.237139,7219483616.758395,17,44,560,7,104646000.0,20,3,0.05661193626370292,0.030100268459768258,-0.015193409047638546,0.2525307582629502,0.11272141706924316,0.0017551875330108304,0.0016444879456368618,0.0006408064804394401,0.011272141706924315,0.015180167542606626
Communication & Media,2023Q3,676,6926498377.877541,7572602165.3782,25,61,590,14,113529000.0,34,1,0.055853651367746546,0.031816382821575014,-0.007294428013347661,0.3457312571440728,0.1227810650887574,0.0017916794781148533,0.001606218375995651,0.002595937002988311,0.020710059171597635,0.016390532965776604
Communication & Media,2023Q4,732,7278261279.029809,21035010058.169582,22,56,654,12,86006000.0,35,6,0.05633480268721718,0.0313349432580082,-0.006412180726214071,0.2645634423943222,0.1557377049180328,0.001095753794755382,0.0010329188591685146,0.002574431765405818,0.01639344262295082,0.011816833265906688
Communication & Media,2024Q1,794,8454900315.221715,9059080042.013067,17,63,714,5,71810000.0,36,4,0.05060162811955994,0.02953126545565244,0.013556702654097214,0.3568981663650033,0.17506297229219145,0.0016499510558125317,0.0016596166746716745,0.004090169787208441,0.006297229219143577,0.008493299426690746
Communication & Media,2024Q2,844,9539031896.255733,9888157926.756563,22,63,759,6,63247000.0,38,4,0.05180410585769779,0.03105585299646941,0.01832107402282805,0.40279233738093845,0.16587677725118483,0.0018432042421546238,0.0018438943018686388,0.004670001937545236,0.0071090047393364926,0.006630337406128787
Communication & Media,2024Q3,926,9814940350.703,10202989506.854534,35,68,823,13,242269000.0,45,4,0.05726986795729757,0.03499242803698109,0.01753497845846649,0.3679677722792579,0.15658747300215983,0.001080108402892684,0.0012281277825031518,0.0034575244898589915,0.014038876889848811,0.024683695605205322
Communication & Media,2024Q4,920,10971692237.0,11246400870.343353,43,89,788,14,456400000.0,59,0,0.07089163187624838,0.039121161433417505,0.03345290500746695,0.47561754295434616,0.14565217391304347,0.00244872978446618,0.0014352766691211893,0.0037572715412423525,0.015217391304347827,0.04159795865043275
Communication & Media,2025Q1,971,11697651384.228,11420226814.760693,38,70,863,13,598355000.0,58,13,0.06528428507310123,0.030515393497838855,0.02737449061873145,0.43775353741032813,0.15036045314109167,0.0021642590263596146,0.002636613114634439,0.003838756343565341,0.013388259526261586,0.05115172100330883
Communication & Media,2025Q2,1084,13820174152.740593,13515886956.392632,34,90,960,5,52655000.0,59,5,0.07383451171614988,0.030649126921635374,0.033878459547661756,0.44264666487276955,0.1466789667896679,0.0019523933377321703,0.0019917533852682225,0.004839053455456978,0.004612546125461255,0.0038100098752777522
Communication & Media,2025Q3,1121,13629225353.926117,13384401779.369278,36,68,1017,9,74318100.0,54,9,0.06336411158951857,0.031737290566443484,0.014657928624297973,0.410439551565349,0.13470115967885815,0.0009953184583368431,0.001913872866486057,0.00600350265630878,0.008028545941123996,0.00545284842462389
Communication & Media,2025Q4,1076,13529051096.774836,13573440547.306557,37,57,982,5,14788000.0,74,4,0.05051946497736302,0.01350587915727949,-0.0006425935594589093,0.4467954324695189,0.06133828996282528,0.0009328642212910739,0.001706272077032645,0.006767411778318362,0.004646840148698885,0.001093055225693196
Communication & Media,2026Q1,1108,12228129198.0,12434538139.410198,30,69,1009,3,3200000.0,62,3,0.039574061618247176,0.015833784884635497,-0.009230092925385833,0.34228935851326125,0.0776173285198556,0.0006407920797541773,0.000631317978784365,0.0017039327994576375,0.002707581227436823,0.0002616917067349422
Communication & Media,2026Q2,1334,13953415616.388983,14239179204.578215,23,79,1232,1,9982000.0,75,2,0.031647801348179114,0.008010222340644964,-0.01987219138601547,0.30606789802309936,0.053973013493253376,0.0004696241596244816,0.0004603977557083828,0.000411031021460016,0.0007496251874062968,0.0007153803967736503
Consumer,2023Q1,2778,28434688129.804077,29505494874.415764,63,222,2493,0,0.0,285,0,0.053606341721043754,0.00033435651009185836,-0.0008210776198119827,0.48795153170084865,0.007199424046076314,0.003548681057090173,0.0030014842740133277,0.017872658572134135,0.0,0.0
Consumer,2023Q2,2928,30224414440.359756,31190928591.7369,68,238,2622,33,558002599.0,85,4,0.05311091770519445,0.03446390070634996,0.010285698348273645,0.2706629538732742,0.13729508196721313,0.00877966554131646,0.007550260737643999,0.002232691228806064,0.011270491803278689,0.01846198212048333
Consumer,2023Q3,3230,28955508456.44692,29438164535.693943,72,268,2890,16,224724900.0,134,15,0.05218169950989415,0.031510311279566106,0.010755328403402193,0.33087132812738307,0.14210526315789473,0.005973946356599754,0.005468729526188762,0.005417870092363638,0.004953560371517028,0.0077610414038495395
Consumer,2023Q4,3634,35129354355.19792,35913147907.05717,99,321,3214,51,448502525.0,200,19,0.05794763974810341,0.03061882596752511,0.012074660774992377,0.3922422082022528,0.15960374243258119,0.008561991156984071,0.008691579152801446,0.007043160888101307,0.01403412217941662,0.012767172446869557
Consumer,2024Q1,4024,37908567241.8214,38662220993.22599,91,389,3544,48,645035110.0,200,32,0.06108831658935831,0.035762249076076336,0.025528610849785065,0.4421560354060519,0.18041749502982107,0.008942984221284688,0.008487405682722896,0.010318557165995399,0.011928429423459244,0.017015549701081444
Consumer,2024Q2,4145,43298506503.86091,238913084931.22177,96,391,3658,44,537666800.0,203,15,0.057922696125181354,0.03058000579994962,0.03928898667887064,0.4300025229339231,0.204583835946924,0.009262942002917435,0.00867734454200753,0.013325556816063034,0.010615199034981907,0.012417675421484954
Consumer,2024Q3,4431,47769348652.84796,48279482695.26279,97,448,3886,59,220811782.0,215,29,0.06563090593448777,0.034217863624151544,0.0431274541573936,0.43150435010958377,0.2211690363349131,0.007197143458656123,0.009085068812120126,0.017221023091103897,0.01331527871812232,0.004622457459168965
Consumer,2024Q4,4467,50128320221.66621,57940157929.820465,116,438,3913,57,1382775800.0,295,44,0.06726403102294726,0.03266647655807447,0.043522268961837765,0.48317165581745053,0.19498544884710095,0.008276412850317418,0.006408866392525092,0.016990633802520215,0.012760241773002015,0.027584722446022513
Consumer,2025Q1,4823,53630426030.963875,53846671261.059296,119,432,4272,36,620271000.0,265,37,0.06193473754384583,0.034612254327689995,0.050376712902302355,0.4688314665668725,0.20899854862119013,0.0065647633357496,0.007244227625452529,0.017934241604924007,0.0074642338793282186,0.01156565490719545
Consumer,2025Q2,5279,57168084955.13668,131889703030.95755,149,458,4672,44,847876100.0,293,19,0.06673676767221859,0.03529410456701705,0.05212405717795688,0.4648946884858287,0.21310854328471301,0.007275293708998846,0.007247455176761363,0.019452079431915518,0.008334911915135442,0.01483128393517783
Consumer,2025Q3,5764,61755996004.53622,62135392656.14562,183,502,5079,80,533918133.0,288,28,0.07153894376065609,0.04027686991114543,0.03919983024205528,0.4453282429937401,0.19309507286606523,0.00992455183064484,0.009329450380532248,0.020326760936567437,0.013879250520471894,0.00864560799830322
Consumer,2025Q4,5833,56756538224.716484,57672729260.14717,189,502,5142,20,181891000.0,546,8,0.07091224837795998,0.015278965867160021,0.015314073074008554,0.47562417479847535,0.07646151208640493,0.007108949694189853,0.0070701448684082095,0.021297665573504647,0.0034287673581347507,0.00320475852984264
Consumer,2026Q1,6014,58177421207.49033,58910351399.25677,154,580,5280,48,466283500.0,432,17,0.06957909870481266,0.030448454877372022,0.006338606465051218,0.28661259034631603,0.09694047223145992,0.007238794767468689,0.007492112931459682,0.005883917692775108,0.007981376787495843,0.008014853362733205
Consumer,2026Q2,6311,58228510046.96907,58784448510.56602,153,674,5484,83,735547057.0,431,11,0.07371103981686296,0.03366353127774501,-0.006773256050248053,0.22775873855090453,0.10362858501029948,0.006789618242622286,0.006718327654367801,0.0020967202730510785,0.01315163999366186,0.012632077592345796
Energy & Utilities,2023Q1,408,5886797416.0,6212949870.512915,9,21,378,0,0.0,30,0,0.05207686820469288,0.0,-0.001705987102552094,0.4188947242778706,0.0024509803921568627,0.0,0.0,0.001085949031693439,0.0,0.0
Energy & Utilities,2023Q2,427,6026811044.0,6106805011.2658415,11,21,395,1,83800000.0,14,2,0.04561204346030964,0.027758556005105545,0.007670605836626148,0.28212046514897265,0.117096018735363,0.0016863663665174827,0.0016960171351285624,0.00021530957101846207,0.00234192037470726,0.013904534153833676
Energy & Utilities,2023Q3,463,6060946258.0,6178569662.25242,18,22,423,11,33506439.0,4,0,0.04455223822702379,0.030974019852409437,0.018476948598825964,0.3028350662748689,0.1511879049676026,0.0015750073592387872,0.0018760634047485566,0.0009467402111280452,0.023758099352051837,0.005528252120000896
Energy & Utilities,2023Q4,488,6324384958.898219,6231617206.547487,19,21,448,3,196370000.0,14,4,0.04924332191618694,0.03351115518406347,0.030546824095220963,0.3432496629191884,0.14754098360655737,0.0020147189442243575,0.001520419817306534,0.0011024697731529737,0.006147540983606557,0.031049659575784254
Energy & Utilities,2024Q1,546,6536052333.0,6347984102.661168,19,19,508,3,174767000.0,6,3,0.0393903626233317,0.0313308877100569,0.017314556556601225,0.3923024806752309,0.15018315018315018,0.0015357514923643556,0.002256837526024735,0.0011391884714847022,0.005494505494505495,0.026738922991423362
Energy & Utilities,2024Q2,572,6599856437.0,6472310283.511367,16,10,546,1,744000.0,4,11,0.02512354597309593,0.027380748674214278,0.0353069604656209,0.4240464419573047,0.1555944055944056,0.0010777842816195563,0.0015019243839661377,0.0015974777565037894,0.0017482517482517483,0.00011272972482083098
Energy & Utilities,2024Q3,646,7028462750.0,6903776273.1301775,11,12,623,3,35381000.0,2,4,0.02329883009602862,0.014645217980507164,0.04276792727175817,0.4658711632949077,0.16253869969040247,0.0009065102168750781,0.000946923379936346,0.0018633477240841538,0.0046439628482972135,0.005033959950915298
Energy & Utilities,2024Q4,605,6724709373.0,6587511207.632787,11,11,583,1,3957000.0,5,4,0.022957112264968722,0.017774863094676584,0.0404300308156424,0.5254570231560083,0.15867768595041323,0.0008162776286463872,0.0008641630348360491,0.001676320310513191,0.001652892561983471,0.0005884269163939674
Energy & Utilities,2025Q1,646,7245558699.679442,7041725586.963749,13,15,618,3,8443000.0,14,1,0.027007503809023965,0.008092215604328637,0.03937534051527877,0.4987576082418905,0.16873065015479877,0.0006971535374839823,0.0007016114691217875,0.002093199728789617,0.0046439628482972135,0.0011652655578338678
Energy & Utilities,2025Q2,729,7931834794.215801,7832558941.625688,21,19,689,6,8340000.0,15,0,0.0338307755348281,0.01175663770609286,0.05950812393155762,0.4708616376466507,0.2085048010973937,0.0005757120153500533,0.0006152327914661864,0.0023994480516104227,0.00823045267489712,0.0010514591158759191
Energy & Utilities,2025Q3,790,8471883186.0,8632163111.262537,16,27,747,2,11917300.0,23,4,0.03194799811414714,0.012311291068066239,0.04377219606159277,0.5013407956992763,0.189873417721519,0.000640903595866134,0.0005488349743118238,0.0030482416761598765,0.002531645569620253,0.001406688423147009
Energy & Utilities,2025Q4,749,9413274262.817385,9680778634.552769,16,28,705,0,0.0,33,1,0.034379810858008085,0.009003084117006522,0.0094373862020875,0.41821755928373305,0.06275033377837116,0.0013886737944367672,0.0025880300752723273,0.0041132877214324895,0.0,0.0
Energy & Utilities,2026Q1,677,8374175406.891601,8588599440.384829,14,20,643,2,18532000.0,21,9,0.029083609176888292,0.01614545707802917,0.0010008175835555318,0.3304089328862736,0.10930576070901034,0.0003456480880509515,0.0007299939967332119,0.0011313160248491892,0.0029542097488921715,0.0022129940083114247
Energy & Utilities,2026Q2,755,7754634543.0,7946885521.600326,8,22,725,3,23712000.0,8,0,0.022732615936832186,0.015044669593861545,-0.008173509983230102,0.33303907545799494,0.13112582781456952,0.0003064260517574559,0.0002725635373257944,0.0006267341721089913,0.003973509933774834,0.0030577843312299597
Financials & Insurance,2023Q1,1689,21226098070.0,102671954469.7128,19,67,1603,0,0.0,86,0,0.025671381763669017,0.0004881008338226544,-0.0010485286238324173,0.5960022100529095,0.007104795737122558,0.0027729896377547063,0.0027729896377547063,0.013073261255451798,0.0,0.0
Financials & Insurance,2023Q2,1774,21805505335.0,101071959316.41373,19,74,1681,3,6393000.0,16,0,0.02607085788766243,0.019744376278283553,0.014681201761215328,0.2674501419262909,0.15050732807215333,0.0081834261704603,0.008314196905803189,0.0028655413429984496,0.0016910935738444193,0.0002931828408369239
Financials & Insurance,2023Q3,2031,20809335226.0,22068980509.26914,18,74,1939,4,17477000.0,27,3,0.021929708518879116,0.013352877909248266,0.010128504310010993,0.3468034902261576,0.12703101920236337,0.0030335580760751583,0.003070916590123182,0.004033101904571425,0.0019694731659281144,0.0008398634463903273
Financials & Insurance,2023Q4,2275,24548882690.88065,36055995314.89355,19,70,2186,5,16189639.0,34,3,0.020253662796828897,0.012377369102377933,0.033461714042369466,0.41744021231539785,0.14813186813186813,0.00808746054633018,0.00824322814670396,0.006484895958256207,0.002197802197802198,0.0006594857779826404
Financials & Insurance,2024Q1,2611,27302257653.0,36521685091.09131,26,71,2514,2,21352125.0,32,4,0.022334371767477695,0.013172339569397725,0.04832417400531846,0.4893197021001103,0.16928379931060897,0.007251009283678793,0.0072086618805280965,0.008282771164271898,0.0007659900421294523,0.0007820644457823365
Financials & Insurance,2024Q2,2957,31491470001.0,53049868654.99404,32,87,2838,7,79431746.0,57,11,0.027957545808102474,0.013676967491703855,0.03485551863245568,0.48231354566336543,0.1487994589110585,0.006969822333922068,0.007713929272325353,0.010889494339469483,0.0023672641190395673,0.002522325759879665
Financials & Insurance,2024Q3,3151,34468767810.0,121191056125.46408,37,93,3021,12,96786425.0,40,1,0.028214862460865534,0.01714351733234512,0.04074150362097213,0.46407624396016545,0.1802602348460806,0.005791208797711018,0.005592215849736438,0.01243485723058905,0.003808314820691844,0.0028079456026252423
Financials & Insurance,2024Q4,3536,38053894427.89073,47500883217.730354,31,98,3407,3,27341000.0,63,2,0.02332785232229433,0.012941900434655365,0.04521222037034103,0.5200558201724257,0.15723981900452488,0.007460080532789819,0.007428525713801178,0.014335753469313586,0.0008484162895927602,0.0007184809967823172
Financials & Insurance,2025Q1,3760,39481321677.549225,40339774028.40441,30,103,3627,3,5384000.0,68,5,0.02057809896536703,0.01098089175661791,0.05600444935216677,0.5511697842594183,0.17393617021276594,0.006659845057978203,0.007005162686493419,0.017130028004204552,0.0007978723404255319,0.00013636828179086958
Financials & Insurance,2025Q2,4070,42445279743.0,43511258463.92311,35,106,3929,5,58400000.0,75,10,0.021407385869389547,0.011208556859244418,0.05607758715497533,0.5252235852189768,0.17567567567567569,0.0056565665081961276,0.005793963445103064,0.02063388968872464,0.0012285012285012285,0.0013758891531308903
Financials & Insurance,2025Q3,4312,46776503832.48825,49170341809.320244,37,123,4152,6,116642450.0,77,1,0.022401591243392683,0.011342486983507592,0.039630050574682885,0.4702147596275165,0.1549165120593692,0.005460056640167167,0.005663592799961567,0.018162785341377014,0.0013914656771799629,0.0024936119727483118
Financials & Insurance,2025Q4,4799,50163057966.91275,51971013615.52689,37,120,4642,5,70134000.0,139,2,0.019576025270212457,0.0018414455579299261,0.013459179602243299,0.53758686012756,0.04750989789539487,0.00278656125599089,0.0026752347337077064,0.018785303635965134,0.0010418837257762034,0.0013981205062550206
Financials & Insurance,2026Q1,5035,48919307894.9153,51022717021.09545,35,136,4864,10,112288174.0,105,3,0.01955139021662018,0.007927501637551092,0.0016125796441283876,0.3710692746524671,0.07964250248262165,0.006426060143023514,0.007107833254145977,0.0067396427591377905,0.0019860973187686196,0.0022953753606083068
Financials & Insurance,2026Q2,4818,48730871187.278244,51373638851.95162,39,148,4631,2,9983000.0,111,0,0.022559939077230612,0.009588683868850022,-0.009017891288996159,0.33072484267970287,0.08405977584059776,0.006004836813230109,0.005991639864697199,0.0032950989583459627,0.00041511000415110004,0.00020485987130486962
Healthcare,2023Q1,2592,27036001371.681316,28302820398.854156,60,147,2385,0,0.0,207,0,0.04293734888019465,0.00038580246913580245,-0.0037466969587404294,0.46025606246792855,0.005401234567901234,0.005339200598049888,0.005224850441643677,0.008212657153316571,0.0,0.0
Healthcare,2023Q2,2675,28737623404.697998,29975193013.7652,55,144,2476,20,112276000.0,32,10,0.04060691034750736,0.03000651087478924,0.0024382271103536315,0.22315817033124288,0.15177570093457943,0.007356210504567936,0.007085120847415728,0.0025056090248735236,0.007476635514018692,0.003906934071021518
Healthcare,2023Q3,3230,30739799616.202766,32039120413.116444,59,247,2924,41,249898000.0,124,4,0.04954762359261707,0.024083464245653018,0.006751054453656075,0.31355668568167755,0.13746130030959752,0.007186417704943028,0.0066303921363526155,0.006716483972860706,0.012693498452012383,0.008129460930782394
Healthcare,2023Q4,3617,35577224555.155,36915590891.505005,60,249,3308,33,311920000.0,138,18,0.041949251017415,0.02775446997446077,0.021188914905207714,0.35541218622203224,0.15178324578379873,0.008392567922350344,0.008190357201903684,0.008512527158427558,0.00912358307990047,0.008767406786227344
Healthcare,2024Q1,4014,39318426798.501,40574508937.14261,58,313,3643,48,650907000.0,130,14,0.04632002773480773,0.02962224563705191,0.0270923280499546,0.41954231264014086,0.15695067264573992,0.01304447655125984,0.008005688709655871,0.010607362575268788,0.01195814648729447,0.016554756967662183
Healthcare,2024Q2,4327,42989906867.39195,44138195175.39861,69,353,3905,57,949710113.6423358,172,18,0.0527347510557891,0.029403862102081853,0.02589891428306356,0.42358080131347475,0.15437947769817426,0.012485973445922486,0.01097467049386446,0.015962274391302125,0.013173099144904091,0.02209146711045088
Healthcare,2024Q3,4613,46121737973.39023,75061445352.23619,61,391,4161,48,438938970.4142012,172,32,0.05366529164064001,0.03502686105072187,0.023814121211167792,0.40486299544832866,0.1723390418382831,0.011469732928950647,0.011071052051995652,0.014637694106124397,0.01040537611099068,0.009516965095015402
Healthcare,2024Q4,4632,49599798832.1201,76990906116.50188,85,372,4175,57,536161121.4840056,204,31,0.05600024036550379,0.029785117463734478,0.031298013783883305,0.458713878217098,0.15867875647668395,0.009522037672007117,0.010711740584087012,0.017531790634119238,0.012305699481865285,0.010809743872122229
Healthcare,2025Q1,4903,54781375866.80488,56160928556.08078,87,375,4441,41,539409789.0,183,39,0.052267525358587044,0.036011230875402256,0.033921213871135926,0.44963055166606336,0.1654089333061391,0.00960812010862729,0.009358266973434344,0.017048560850577824,0.008362227207831939,0.009846590752147551
Healthcare,2025Q2,5339,59039499104.43233,59753749141.94384,110,403,4826,43,2247428047.0,206,14,0.055211941403866795,0.0336893111239948,0.036811805699447975,0.44544813667446,0.1745645251919835,0.012145971567413157,0.010063892273022946,0.019866951286537423,0.008053942685896235,0.03806651616445162
Healthcare,2025Q3,5812,64384828778.04629,69580546383.00444,95,444,5273,60,627809372.0,215,19,0.04886160685613527,0.031020950914646146,0.031893019516577206,0.4267908924843315,0.15554026152787337,0.010851070113841958,0.010872489223649723,0.021381641238869403,0.01032346868547832,0.009750889827854419
Healthcare,2025Q4,6172,65431198505.90338,75726645041.74911,104,399,5669,11,95594900.0,421,12,0.04516806735726035,0.00931817838162611,0.008748785979874479,0.4367849856348018,0.05152300712896954,0.007027268634410486,0.007172952997253326,0.013187744818981854,0.0017822423849643552,0.0014609987617967164
Healthcare,2026Q1,6435,64080886117.24687,66049620268.447464,101,465,5869,35,260707376.317,311,12,0.04707993338849435,0.021304252954898885,0.005141328308046489,0.3264995567513815,0.08764568764568764,0.010349986441066576,0.010287946174673799,0.00576755146902403,0.005439005439005439,0.0040684109117965625
Healthcare,2026Q2,6710,65734895509.28941,71213524183.92546,119,467,6124,19,272837000.0,272,16,0.04800839114417321,0.02733015350404924,-0.0006020561562356071,0.28185196962778925,0.09716840536512668,0.01040922195611985,0.010563515421137263,0.005451714988884208,0.0028315946348733234,0.0041505656605393655
Industrials,2023Q1,1834,17650725414.696377,18600601217.456406,31,79,1724,0,0.0,110,0,0.027508947435600842,0.0005452562704471102,0.0005497555554546115,0.6013375695912281,0.006543075245365322,0.01906514576046576,0.01906514576046576,0.012664481919816211,0.0,0.0
Industrials,2023Q2,1987,19081836613.489,20006733424.720695,37,84,1866,14,180377641.0,37,1,0.028360213744019445,0.016412530236622414,-0.00742613138189286,0.27798764600615705,0.12078510317060896,0.0018311868191696339,0.001680675085063854,0.0016755665155153267,0.007045797684952189,0.00945284485207732
Industrials,2023Q3,2255,18554112986.902,19306384397.820396,34,76,2145,17,70767000.0,35,23,0.023518687135279756,0.017364249974158887,0.001240880419151053,0.3778487905400283,0.12150776053215077,0.0019327277581444471,0.002168866617927205,0.00378452249772277,0.00753880266075388,0.0038140869385648838
Industrials,2023Q4,2453,21654533950.538,22570181888.779728,44,101,2308,17,91993816.0,70,8,0.029110403094385017,0.013593748479269615,0.023512001357892717,0.3679601939140962,0.14675907052588666,0.001880634617428604,0.0018218051876926818,0.00530830470174311,0.006930289441500204,0.004248247328255912
Industrials,2024Q1,2776,23848605372.469,24842503569.41272,50,116,2610,15,227621325.0,75,8,0.028132093522534166,0.016633459217041142,0.033272059070507176,0.418148828522804,0.15237752161383286,0.0017544553015521197,0.0016856702190471212,0.006710348928285833,0.005403458213256484,0.009544429179190817
Industrials,2024Q2,3031,25615050722.272,27378692144.021362,50,133,2848,24,92164000.0,77,5,0.026876742511765774,0.015592468943502597,0.02646868513269488,0.4157428644895893,0.15671395579016825,0.0016914458254689772,0.001491424630418703,0.008536266875576046,0.00791817881887166,0.003598040893975839
Industrials,2024Q3,3378,28654024360.662663,29801318785.960682,58,159,3161,28,112197578.0,109,13,0.02773563344893178,0.014708262314236753,0.027360740107302096,0.43612858461671533,0.1586737714624038,0.0013861966744977403,0.0012833734976409675,0.00932376912166703,0.008288928359976317,0.003915595819553679
Industrials,2024Q4,3561,31260327651.388016,32716084972.011906,76,185,3300,29,575841000.0,138,8,0.031666002237922174,0.011876223382416576,0.03383861804334738,0.4836248734574327,0.13872507722549846,0.0023866270074328053,0.001806330641215904,0.009412177703469953,0.008143779837124403,0.018420824196781302
Industrials,2025Q1,3864,34918708958.42294,36256931202.404625,78,202,3584,20,333285000.0,140,18,0.03210903775405763,0.01613907560831312,0.03554164379274483,0.4724551459830914,0.1513975155279503,0.0027165868410840336,0.0024628010844640327,0.011837745955541705,0.005175983436853002,0.00954459686344178
Industrials,2025Q2,4210,38321202567.23873,39798657884.49241,83,209,3918,16,111141000.0,126,8,0.02968569101507816,0.014667283226811887,0.039100988749686774,0.47540747830035207,0.15890736342042755,0.0025349616031346157,0.002556233119209961,0.013467926251391512,0.003800475059382423,0.0029002482321631474
Industrials,2025Q3,4886,43098739842.13099,44830642649.194176,132,258,4496,38,911396000.0,218,16,0.041415956698328954,0.014963095526519029,0.02777455501813774,0.46899751802991435,0.1367171510437986,0.00325185498991461,0.0027838134727348135,0.014147255408858134,0.007777322963569382,0.02114669717347672
Industrials,2025Q4,5231,45377302304.77419,47605957224.777756,98,283,4850,22,142100732.0,306,3,0.03455416337895034,0.005098822025459769,0.01301574595158063,0.484293080525178,0.05371821831389792,0.0038277678712161133,0.002817163859757818,0.013548692265517689,0.004205696807493787,0.0031315376803492663
Industrials,2026Q1,5565,45645497504.425995,47756945898.88877,108,318,5139,26,145406337.7,245,10,0.038395449572062354,0.01768484084220763,0.0011596123609576932,0.3471967064878657,0.07690925426774484,0.002634797975599895,0.0025946089186201157,0.004387273289012126,0.004672057502246182,0.003185557079006549
Industrials,2026Q2,6000,48058995366.9603,50268264703.565025,117,312,5571,21,87173529.0,234,15,0.0359521216964034,0.01941371722478001,-0.0017502507879887728,0.30053375071776073,0.086,0.0023947057325076843,0.002538036655267168,0.0039591369990769525,0.0035,0.0018138857946233776
Materials,2023Q1,609,6421977336.0,6709677230.972233,8,15,586,0,0.0,23,0,0.0181517856656584,0.0,-0.002494422007856839,0.5397273367847446,0.0049261083743842365,0.0,0.0,0.001343495147359253,0.0,0.0
Materials,2023Q2,661,6755759847.0,6884813543.913674,5,11,645,2,85031000.0,5,4,0.012848470906552677,0.006906077271655842,0.007442315575217682,0.3175776146329776,0.11800302571860817,0.00023891278132880762,0.00020869378665633727,0.0004314589472551342,0.0030257186081694403,0.012586445037379376
Materials,2023Q3,742,6414322943.81,6466274274.645393,11,21,710,3,23096000.0,20,0,0.018784675526055866,0.004826261807880793,-0.008202325015718886,0.3410293471595841,0.08086253369272237,0.00024046123298795364,0.000130141215841913,0.0009369242417108111,0.004043126684636119,0.003600691795895353
Materials,2023Q4,794,7131115357.0,7364977961.9532,19,41,734,22,178637074.0,29,0,0.030491072238611684,0.007136160229926015,0.019571996562622995,0.2997240737444505,0.17002518891687657,0.000605657218125748,0.00026164809856894767,0.0016699573304756045,0.027707808564231738,0.025050369410256058
Materials,2024Q1,882,7751634865.0,7938720611.435282,20,41,821,12,191829000.0,20,3,0.027052502426571447,0.01581632508908821,0.029790797654177994,0.4003744192684657,0.17346938775510204,0.0009248553265051525,0.000595179554233737,0.0020513966367314237,0.013605442176870748,0.024746908663892543
Materials,2024Q2,965,9709231183.642765,9761839734.946404,17,47,901,6,67144000.0,21,0,0.02709871694974724,0.01695716880619322,0.02517574187845152,0.4149490271646405,0.1544041450777202,0.0009963267803091776,0.0009050532381540534,0.0023260992949564532,0.0062176165803108805,0.006915480611185584
Materials,2024Q3,1059,10211744689.873878,10268202917.389214,13,75,971,15,355440000.0,27,1,0.03388529140224331,0.020038276171812683,0.029036824894143862,0.3868371071259544,0.18413597733711048,0.0018095663533172516,0.0009681243935748547,0.0030577075230770797,0.014164305949008499,0.03480698066731532
Materials,2024Q4,1012,10032076922.210758,10256202656.234962,22,70,920,1,1397000.0,43,7,0.03989652894635761,0.025041901265213853,0.023617613578882795,0.41552608456915946,0.15019762845849802,0.001716913812833924,0.001755054795320864,0.003052936012744765,0.0009881422924901185,0.00013925331821440466
Materials,2025Q1,1193,12614947245.261095,12932174854.944756,31,82,1080,19,345735000.0,58,5,0.04563965651550476,0.01616525473591281,0.023838765765812973,0.36359655170898747,0.15171835708298406,0.0015599819129367796,0.001395206784764636,0.003908706743151114,0.01592623637887678,0.02740677335213416
Materials,2025Q2,1282,13771066799.070295,13967313120.140095,18,91,1173,7,285238995.0,49,2,0.0403355788082895,0.022793497019173825,0.028067763272955397,0.3753318187159591,0.1622464898595944,0.001025912164760114,0.0013366050796928374,0.006871819743878711,0.00546021840873635,0.02071291927937325
Materials,2025Q3,1327,13986073026.288353,14267559317.388962,21,87,1219,4,16906786.0,54,6,0.03852737166790542,0.0222165986804261,0.02271606008060171,0.38968273332131553,0.15523737754333083,0.0013399479302499127,0.0012545821814546202,0.00741752748899459,0.003014318010550113,0.0012088300960692718
Materials,2025Q4,1391,14281869280.926184,15223203855.274015,18,92,1281,2,22305000.0,91,3,0.0394907074007634,0.005283420754755435,0.0020941672182010346,0.42927981401215953,0.054636951833213515,0.001335358860187973,0.0013369713076611823,0.007116475874059921,0.0014378145219266715,0.0015617703510134293
Materials,2026Q1,1425,14053500851.316912,14852890721.313559,24,103,1298,3,493523000.0,71,1,0.04303143039771596,0.02140868226748598,-0.003779631423175969,0.3176091637566862,0.0863157894736842,0.0010101722619615318,0.0006704245784764255,0.001514014217074239,0.002105263157894737,0.035117441925778474
Materials,2026Q2,1493,14179532306.86659,15290109301.659655,21,95,1377,5,21270000.0,58,10,0.03996481622303424,0.02455458395535209,-0.009049926473340082,0.30731127897497124,0.09042196918955124,0.0007430479923840112,0.0008670282944512502,0.0007219788385259438,0.003348961821835231,0.0015000494755175934
Other / Unclassified,2023Q1,4576,53909515057.48192,56090866054.55039,52,237,4287,0,0.0,289,0,0.028387035869659554,0.0002469772687558735,-0.0013848125416748868,0.5370029399423205,0.010052447552447552,0.0,0.0011308565754126355,0.04089278605921328,0.0,0.0
Other / Unclassified,2023Q2,4608,52792471137.50806,54529411658.0523,51,242,4315,37,240482039.0,41,16,0.029461836792981127,0.023217171796016664,0.01333805142533693,0.2913575269047071,0.16927083333333334,0.010912896322725334,0.009939374743359196,0.0057376012144612866,0.008029513888888888,0.004555233612262981
Other / Unclassified,2023Q3,5086,54338161364.04949,56579173123.16429,84,297,4705,86,1678043204.0,62,22,0.03285430780595905,0.020523389314003253,0.01605019990059714,0.3594954016743757,0.17675973259929217,0.00873198879507646,0.007060456134484826,0.014870570098487534,0.016909162406606372,0.030881486636207846
Other / Unclassified,2023Q4,5612,57621263857.35257,59914977031.111984,102,367,5143,79,1558044565.0,149,32,0.03535271394603526,0.02016359673055161,0.041366006379912446,0.41229373661616475,0.22434069850320743,0.012155630868079404,0.007701020609653974,0.0178211731566126,0.014076977904490378,0.027039402829780016
Other / Unclassified,2024Q1,5959,62168208657.830025,64338643818.45033,135,429,5395,82,917654749.0,115,23,0.040881340399295925,0.028408045126119812,0.051760688149758295,0.4361203056922073,0.24853163282429938,0.01395012729514878,0.011860986365447338,0.022926437142754996,0.013760698103708675,0.014760836266824335
Other / Unclassified,2024Q2,6123,70151046962.85785,71409011891.25026,129,392,5602,60,611778448.0,94,36,0.03717247799946636,0.029048921540737155,0.06615067278524576,0.4796385628767226,0.2549403886983505,0.013148059728480167,0.013333552566801198,0.02797999009133193,0.009799118079372856,0.008720874092212937
Other / Unclassified,2024Q3,6704,76719489127.48634,78325101606.57054,129,466,6109,102,659935513.0,106,55,0.042806326266411635,0.029113800585829068,0.07150452752642594,0.4618778150257789,0.27789379474940334,0.007525353376799065,0.011556547172365168,0.029809071166217987,0.015214797136038186,0.008601927886972392
Other / Unclassified,2024Q4,7386,86986670275.63258,89087001414.7741,134,489,6763,78,2430533600.0,161,64,0.04362348247672497,0.028808774820863702,0.06287827246408734,0.5065682856772195,0.23531004603303549,0.009889683217054345,0.008180632581270568,0.03649714324426323,0.010560519902518278,0.02794144887140094
Other / Unclassified,2025Q1,8052,94706357533.34769,98336434535.90056,152,610,7290,107,2005253699.0,138,44,0.049516504266577936,0.036088408964830905,0.08088049124529989,0.45403236132298386,0.30476900149031294,0.013192668191713983,0.010933707642604427,0.041585097617104584,0.013288623944361649,0.021173380026720135
Other / Unclassified,2025Q2,8612,99199884092.59737,103243665858.80562,147,685,7780,105,1003641900.0,186,38,0.05291808567765904,0.03386664439544104,0.0929007881227754,0.4790655486466024,0.30817464003715744,0.010905645637009206,0.01055940144726046,0.04031729481231952,0.012192289828146772,0.010117369684254451
Other / Unclassified,2025Q3,7983,102920111176.62125,109932234405.84077,175,693,7115,120,2612012474.0,183,45,0.06099573094496545,0.04374091738120367,0.08879598012475631,0.46809715286234277,0.3281974195164725,0.013865933815413057,0.010839612537287904,0.03980144840927367,0.01503194287861706,0.025379028881124355
Other / Unclassified,2025Q4,8787,114479466126.69612,118037414875.36865,182,784,7821,26,94179769.0,777,31,0.0662861852691126,0.012611077333223074,0.021245069212438336,0.46481208893566195,0.10583817002389895,0.010946538729970407,0.011117443025083598,0.03865976158510808,0.0029589165813133037,0.0008226782687453299
Other / Unclassified,2026Q1,8694,105785671045.05978,110867289914.51476,154,734,7806,90,1090196778.0,326,74,0.061328769326575536,0.03750388633777077,0.0048280061819633005,0.29926717639045713,0.14067172762824937,0.01620327102789299,0.015969672404911508,0.01267820030702996,0.010351966873706004,0.010305713120027635
Other / Unclassified,2026Q2,8982,112543800777.43887,115587386682.0454,159,761,8062,88,1146032204.0,246,57,0.0596006140280402,0.04209952817772198,0.0026929100910015303,0.24540981807074133,0.17590737029614786,0.016102075573181347,0.01688797205265804,0.0072701433575834045,0.009797372522823424,0.010182988277304917
Real Estate,2023Q1,213,2112593391.0,2250527781.638829,6,22,185,0,0.0,28,0,0.10775426075573748,0.0,0.0029479103235701422,0.5667715244833836,0.014084507042253521,0.0,0.0,0.0017903694042480992,0.0,0.0
Real Estate,2023Q2,214,2160641992.0,2282162338.6962028,6,24,184,2,34000.0,3,0,0.11621072694299689,0.0916744121852278,0.0033397804420470935,0.31732778601015665,0.13551401869158877,0.0009132794038427001,0.0009166547145124248,0.00013003580197441296,0.009345794392523364,0.00001573606369120313
Real Estate,2023Q3,240,2517313898.0,2650717385.921569,9,24,207,2,3123000.0,3,0,0.11054931993259509,0.10223234263528333,0.0018266099480664718,0.32771482106379163,0.16666666666666666,0.001111744967474053,0.0010595690994462685,0.0004966207548728248,0.008333333333333333,0.0012406080951927435
Real Estate,2023Q4,272,2462542865.0,2655567242.6208653,9,28,235,0,0.0,29,0,0.10631070646648764,0.020647818387505863,0.010305297804020152,0.5104093366718472,0.11029411764705882,0.00014395176112962503,0.00014412400021341577,0.0005852745105624164,0.0,0.0
Real Estate,2024Q1,283,2708465280.0,2946347029.958386,11,41,231,3,29102000.0,20,1,0.1250022833445024,0.0779727931444791,-0.017474666099964162,0.3051521458250712,0.19434628975265017,0.0007046067282731115,0.0006995813287342283,0.0005441382251903579,0.01060070671378092,0.010744830371242567
Real Estate,2024Q2,294,2953482571.0,3070282136.063211,17,33,244,1,26633000.0,16,3,0.11698125488354669,0.08674036992106976,0.006285284114948806,0.3316549028926655,0.24149659863945577,0.0012342377392688863,0.0012319191973034457,0.0008718371079616205,0.003401360544217687,0.009017490152644615
Real Estate,2024Q3,349,3695960862.0,3871686377.583893,19,38,292,4,3341000.0,17,1,0.10711400530604068,0.07919418693404365,0.014830486464561532,0.354951225209057,0.2177650429799427,0.001278010544743985,0.0013628747595127062,0.001179389601937364,0.011461318051575931,0.0009039597887386936
Real Estate,2024Q4,385,3919516957.0,4084552509.9823103,23,36,326,1,27573000.0,19,2,0.10214502159959857,0.07354317829141935,0.01725932667995281,0.34320146946837304,0.21038961038961038,0.0010904246998842057,0.0010828317245781959,0.0011626527046929866,0.0025974025974025974,0.00703479543589075
Real Estate,2025Q1,420,4534864608.0,4702180447.727273,12,41,367,5,14388000.0,13,5,0.09005568167386839,0.06736808367324423,0.0054396962076489275,0.3336767314155156,0.18333333333333332,0.0005590930556466372,0.0010040859663876082,0.0008051906351442174,0.011904761904761904,0.003172751833564774
Real Estate,2025Q2,491,4848319258.0,5602762867.430407,14,33,444,0,0.0,12,6,0.06404899299472158,0.062255161298269926,0.003825661662256979,0.2950717541685555,0.1710794297352342,0.0003925253782706823,0.0005806657895151605,0.0012502954554805656,0.0,0.0
Real Estate,2025Q3,501,4116037866.0,5998400194.153415,8,41,452,4,43373000.0,26,3,0.07228214603544429,0.03006096344102611,-0.007055200922544138,0.32921957899678095,0.1377245508982036,0.00047915425014398764,0.000354294089718933,0.0008870048384567912,0.007984031936127744,0.010537560977822161
Real Estate,2025Q4,544,4564818740.0,6703178388.0,4,32,508,0,0.0,33,1,0.047456568144551625,0.004989121005205127,0.006594132678069893,0.4782354463097986,0.05698529411764706,0.00004963644786625069,0.000052840103700032484,0.0009587174323026547,0.0,0.0
Real Estate,2026Q1,574,4533751324.0,6979314025.597701,9,25,540,4,7849000.0,19,2,0.03524604789750394,0.01599225194065915,-0.005098064874910746,0.3020347806826988,0.08013937282229965,0.0006824503905835871,0.0006533598520941927,0.000353820232014485,0.006968641114982578,0.0017312374321128514
Real Estate,2026Q2,605,4849208831.0,7201436689.391106,17,53,535,8,67303000.0,45,4,0.07517003621284493,0.023792914880127955,0.023555907372446595,0.3374821263626016,0.1256198347107438,0.0008505969227396611,0.0007800393993102594,0.0006084801718027735,0.013223140495867768,0.013879171292798465
Technology,2023Q1,4499,58462299927.57813,62702184746.73739,110,288,4101,0,0.0,398,0,0.04380447874538458,0.0,-0.0017380170641434986,0.5321058735322313,0.005556790397866192,0.0,0.0,0.03066609185168297,0.0,0.0
Technology,2023Q2,4628,60990770956.236,64773339523.12825,121,354,4153,74,1152965922.0,161,23,0.04811908649666589,0.03048145882498309,0.008690586800741609,0.27480593952005966,0.15492653414001728,0.02131049033204464,0.02015111583750768,0.0038971109074767227,0.01598962834917891,0.018903940775356193
Technology,2023Q3,5284,64620225458.874,69011595824.91718,129,491,4664,75,737413278.0,246,24,0.050459213660971676,0.031128356215848245,0.018380569247561512,0.32614757179345955,0.15537471612414838,0.02093536825350133,0.022347872844567337,0.010724470913662054,0.014193792581377745,0.011411493425836297
Technology,2023Q4,5861,70879705793.44662,73653491236.71458,153,549,5159,68,2290112397.0,331,38,0.05153500128659616,0.029481588473685264,0.02685143034652869,0.35289275835866174,0.1829039413069442,0.018038374414736387,0.016957023471255623,0.013641634707941852,0.011602115679918102,0.032309846258020705
Technology,2024Q1,6344,74996028257.01257,77767092849.79892,146,578,5620,52,1938889100.0,282,37,0.05141628524215559,0.031905492560909444,0.02666579498036638,0.3763695309791212,0.18552963430012612,0.021812701819025476,0.022164224021545383,0.01652708019886446,0.00819672131147541,0.025853223764802535
Technology,2024Q2,6606,77727336347.39734,79373907120.85037,158,552,5896,40,392913693.0,287,52,0.04873837755705738,0.031576327973849815,0.024805924503404842,0.4087970099720268,0.17983651226158037,0.021134944953214805,0.021655931386609723,0.021157602893473924,0.006055101422948834,0.005055025830859525
Technology,2024Q3,7342,86064605997.01189,87978074230.97119,176,635,6531,44,753614284.0,367,48,0.050091635780463155,0.029063672057684904,0.03328676981995349,0.40279706626967854,0.1947698174884228,0.019996375624608802,0.019532569926236133,0.023745114569147782,0.0059929174611822395,0.008756378714220397
Technology,2024Q4,7204,91223610260.12961,98165611123.94495,192,622,6390,74,1477751100.0,401,74,0.049837421628439155,0.027900267836947094,0.03738901659553626,0.4191817530544276,0.18573014991671294,0.016083064171841903,0.018229296610626347,0.032246354710768664,0.010272071071626874,0.016199217459012025
Technology,2025Q1,7475,94341526457.17139,95185851579.20795,190,641,6644,47,349525358.0952381,360,20,0.05098371019428631,0.027998956679173063,0.04645155841768579,0.43519985052675175,0.20387959866220737,0.016477816366867352,0.016612970479669944,0.03898599897748167,0.006287625418060201,0.003704894029395566
Technology,2025Q2,8023,100173471915.59846,123334538071.61252,182,651,7190,33,635640718.0,344,46,0.04787007727592748,0.03069642949938167,0.047799292747431874,0.43081520793851463,0.20653122273463792,0.01559908458456136,0.016987186517276518,0.041038861399024976,0.004113174622958993,0.0063453996935991346
Technology,2025Q3,8210,105761287320.59795,108884807890.90533,177,714,7319,81,669679828.0,366,13,0.0511071845512373,0.029149602534106766,0.028841316694240074,0.4033283714634071,0.17576126674786846,0.016060615899870935,0.015724144831693272,0.039070624999707,0.009866017052375152,0.006331993917301477
Technology,2025Q4,8882,117633701468.64996,251393942532.71375,150,752,7980,30,383997777.0,735,9,0.04767843862644827,0.00898587478418913,0.003927674899646529,0.4051723190119677,0.047399234406665165,0.012193868905677335,0.011112066299520957,0.02258268144556293,0.003377617653681603,0.003264351730888427
Technology,2026Q1,9132,111233099343.79968,116086776270.53894,188,788,8156,27,645199771.0,598,31,0.04899494510944056,0.020946298629242525,-0.005951742735982912,0.26705693565250715,0.07687253613666228,0.012313289272947992,0.01274310272491223,0.007945296244314769,0.002956636005256242,0.005800429681508866
Technology,2026Q2,9351,118544265489.29823,124309095201.9659,218,870,8263,80,508485176.10148233,512,27,0.05269326121454695,0.02779988694259184,-0.008724764116971472,0.2171800346244472,0.1039461020211742,0.013947434662854415,0.013771662514332757,0.004306943414367608,0.008555234734253021,0.004289411841244962
Transportation,2023Q1,490,4696567749.21,5038845203.238674,18,18,454,0,0.0,36,0,0.035694894979529004,0.0,-0.0019443792374537843,0.3215111796453354,0.004081632653061225,0.0,0.0,0.0014522269053426737,0.0,0.0
Transportation,2023Q2,524,5133382970.486,5476804260.948325,16,23,485,4,138532000.0,10,0,0.03929535375862738,0.026044704097129046,-0.017548897039675763,0.18281160231328944,0.1183206106870229,0.0018950364029135898,0.0017281274368210423,0.0002852870339365096,0.007633587786259542,0.02698649229883672
Transportation,2023Q3,574,5225956170.154,5431799110.541978,17,40,517,8,32936878.0,31,1,0.06420471923882808,0.02009203608250703,-0.012958863312159587,0.2650139322074439,0.13414634146341464,0.0020093323296281195,0.0018506786086765676,0.0005643947846148679,0.013937282229965157,0.006302555346350982
Transportation,2023Q4,624,6517147689.524,6418625944.055277,20,45,559,2,29279000.0,30,4,0.05760086047495241,0.030960277275477753,0.003703566850312596,0.3039176111049557,0.1858974358974359,0.0011397959142912723,0.0013146289134434762,0.0009642928174920821,0.003205128205128205,0.004492609557869093
Transportation,2024Q1,695,7049380662.85,6640374719.691442,21,46,628,6,40216204.0,9,0,0.05690146882519428,0.04056850986622544,0.003628991381341279,0.35792961608243595,0.19280575539568345,0.002722566858400995,0.002612446479588717,0.0010838438931653595,0.008633093525179856,0.005704927272822426
Transportation,2024Q2,753,7155688114.006832,6587796675.452148,19,44,690,1,11629000.0,18,3,0.05238559817522869,0.03585663434174727,0.006284577828877705,0.39219532075657143,0.17264276228419656,0.001722076947783272,0.0017853726348890193,0.0019453136943627096,0.0013280212483399733,0.0016251407013166109
Transportation,2024Q3,793,7706588387.1626625,7179741157.984019,17,42,734,10,49391562.0,5,0,0.051936585601017285,0.03502890571960334,0.027049396521921475,0.38962793382980726,0.2257250945775536,0.0016325468355925063,0.0014493534710709548,0.0024144314795042972,0.012610340479192938,0.006409004804548087
Transportation,2024Q4,823,8328076149.0,7752612772.492766,21,44,758,5,27124000.0,22,3,0.04862481322027875,0.02672511026291211,0.03928894525463638,0.4325743512055348,0.1798298906439854,0.0015726297426901794,0.0014756130024756195,0.0028839493229783023,0.006075334143377886,0.003256934676714854
Transportation,2025Q1,883,8924477531.0,8315680192.328946,15,63,805,13,191217108.0,27,5,0.0504649972265548,0.03016724726908188,0.04046356316238638,0.43856510720250286,0.21177802944507362,0.0019345050802304475,0.0014996311339461913,0.003440330423970769,0.014722536806342015,0.021426140335475064
Transportation,2025Q2,997,10701725110.71011,10132268015.476004,20,61,916,9,157136800.0,23,5,0.0499824560714436,0.034825976663669066,0.05262105646922056,0.4323367443885325,0.2316950852557673,0.002114060836229249,0.002075213035682344,0.003736103634885341,0.009027081243731194,0.014683314921137348
Transportation,2025Q3,1072,11202648278.505747,10650305306.406384,20,61,991,5,75555000.0,29,2,0.04376879058152684,0.02805637812094046,0.0422798823439936,0.42821377465770866,0.2080223880597015,0.0012880848466927015,0.0011797476661821185,0.003940887794258135,0.0046641791044776115,0.0067443874092669295
Transportation,2025Q4,1308,15444903116.092768,14852118475.041225,27,88,1193,2,15045000.0,95,0,0.04197442605706682,0.010023820173438463,0.014567674313503374,0.48655347694186446,0.06039755351681957,0.0013426439686202744,0.0012283203883536526,0.005428762544415371,0.0015290519877675841,0.0009741077614351566
Transportation,2026Q1,1332,14945320192.909813,14409263349.895231,21,79,1232,5,13250000.0,39,5,0.032848960000614075,0.019573881700648447,0.002494289351604252,0.29347836126750226,0.11486486486486487,0.0015897771236834898,0.001583344474156685,0.001475744066404291,0.0037537537537537537,0.0008865651474155711
Transportation,2026Q2,1426,15380455530.662922,14731610005.33649,24,109,1293,19,170158000.0,66,3,0.04661163819706355,0.017702638936520437,-0.0008260209578199776,0.30265523973810193,0.1185133239831697,0.0018092139442341334,0.0015114944134378694,0.001518521849875353,0.01332398316970547,0.011063261400858256
