cik,total_positions,n_explicit_pik,n_inferred_pik,n_zero_pik,total_fv,pct_explicit,pct_inferred
1803498,21044,0,1074,19970,934159341618.0,0.0,0.05103592472913895
1476765,17480,44,2391,15045,96715790671.0,0.002517162471395881,0.13678489702517163
1287750,11939,84,1431,10424,260529900000.0,0.007035765139458916,0.11985928469721083
1950803,9166,246,49,8871,21298443940.0,0.026838315513855553,0.005345843334060659
1868878,9002,13,1156,7833,8695199979.0,0.0014441235281048657,0.1284159075760942
1918712,8466,38,347,8081,140024224169.2,0.0044885424049137725,0.04098747932908103
1913724,8213,229,321,7663,38075897000.0,0.027882625106538415,0.03908437842444904
1812554,8188,0,570,7618,330000413878.0,0.0,0.06961406936980948
1742313,7803,613,369,6821,51047424000.0,0.078559528386518,0.04728950403690888
1851322,7649,85,385,7179,69001874396.48648,0.011112563733821414,0.050333376912014643
1993402,7492,1,243,7248,27002442757.645214,0.00013347570742124932,0.03243459690336359
1859919,7320,76,571,6673,42912528344.0,0.010382513661202186,0.07800546448087432
1782524,6980,78,513,6389,48426577452.917496,0.011174785100286532,0.07349570200573066
1379785,6809,113,784,5912,28356626344.0,0.01659568218534293,0.11514172418857395
1930087,6437,13,389,6035,63315035877.0,0.002019574335870747,0.06043187820413236
1736035,6343,0,712,5631,165435159000.0,0.0,0.11224972410531295
1837532,6313,17,249,6047,169606095391.9896,0.002692856011405037,0.03944242040234437
1838126,6200,113,637,5450,204915210921.35248,0.018225806451612904,0.10274193548387096
1655050,6096,364,688,5044,54439369326.64992,0.05971128608923885,0.11286089238845144
1901612,5959,14,717,5228,19196149645.0,0.0023493874811209934,0.1203222017116966
1496099,5943,258,393,5292,48240930331.0,0.04341241797072186,0.06612821807168097
1414932,5859,107,492,5260,45496780279.0,0.018262502133469874,0.08397337429595494
1811972,5757,92,529,5136,15701087344.0,0.01598054542296335,0.09188813618203925
1422183,5682,35,488,5159,160307000000.0,0.006159802886307638,0.0858852516719465
1633336,5682,159,545,4978,20308315987.0,0.0279831045406547,0.09591693065821894
1920145,5665,30,277,5358,101572130165.31155,0.00529567519858782,0.04889673433362754
1634452,5629,17,586,5026,18943933664.419,0.0030200746136081007,0.10410374844554983
1278752,5627,11,356,5260,35337409170.36779,0.001954860494046561,0.06326639417096143
1737924,5537,388,337,4812,25022996000.0,0.07007404731804226,0.06086328336644392
1885968,5403,62,342,4999,26132109876.806602,0.01147510642235795,0.06329816768461966
1976336,5393,1,110,5282,9459023486.0,0.00018542555164101615,0.020396810680511773
1572694,5386,115,570,4701,39308532277.69614,0.02135165243223171,0.1058299294467137
1825248,5379,24,449,4906,45019093911.0,0.004461795872838818,0.08347276445435954
1715268,5280,15,455,4810,12294815926.0,0.002840909090909091,0.08617424242424243
1396440,5248,477,556,4215,51612726966.0,0.09089176829268293,0.10594512195121951
1911066,5014,207,122,4685,19172782000.0,0.04128440366972477,0.024331870761866773
1504619,4887,4,188,4695,37865997610.88873,0.0008184980560671168,0.03846940863515449
1901606,4868,13,565,4290,3777584905.0,0.0026705012325390306,0.11606409202958094
1655888,4510,0,619,3891,161077261048.0,0.0,0.13725055432372504
1902649,4472,239,1,4232,16259003324.175674,0.053443649373881935,0.00022361359570661896
1535778,4112,268,494,3350,13942775518.0,0.0651750972762646,0.12013618677042802
1872371,4105,84,95,3926,64164900633.22691,0.02046285018270402,0.023142509135200974
1633858,4105,12,73,4020,5045793320.0,0.00292326431181486,0.017783191230207065
1784700,3927,7,390,3530,8761721500.0,0.0017825311942959,0.09931245225362872
1383414,3826,16,157,3653,26777661321.411766,0.004181913225300575,0.04103502352326189
1655887,3664,0,536,3128,22531056850.82925,0.0,0.1462882096069869
1370755,3651,680,18,2953,22023996044.0,0.1862503423719529,0.0049301561216105174
1901164,3635,60,270,3305,25913850993.64728,0.016506189821182942,0.07427785419532325
1766037,3290,75,269,2946,19131873937.0073,0.022796352583586626,0.0817629179331307
1544206,3192,0,464,2728,39567304000.0,0.0,0.14536340852130325
1512931,3190,399,474,2317,5996827500.0,0.1250783699059561,0.14858934169278998
1973476,3187,12,124,3051,3759965931.824445,0.0037652965171007216,0.038908064010040794
1825384,3183,5,35,3143,33136135588.0,0.0015708451146716933,0.010995915802701853
1834543,3098,505,13,2580,3241801366.0,0.16300839251129762,0.004196255648805681
1930679,2911,8,80,2823,18667103510.322147,0.0027481964960494676,0.027481964960494674
1869453,2821,0,225,2596,57241301913.03315,0.0,0.07975895072669266
1850938,2673,0,0,2673,5393003766.0,0.0,0.0
1552198,2641,265,145,2231,12368695572.0,0.10034078000757289,0.05490344566452102
1786108,2628,2,121,2505,27018035324.0,0.00076103500761035,0.04604261796042618
1747777,2557,0,385,2172,105746486563.0,0.0,0.15056707078607742
1983514,2521,28,104,2389,3267300000.294,0.011106703689012296,0.041253470844902815
1982701,2506,5,71,2430,2748732008.0,0.0019952114924181963,0.028332003192338386
1772704,2502,61,384,2057,23192190903.0,0.024380495603517186,0.15347721822541965
1925531,2435,37,111,2287,16458807000.0,0.015195071868583163,0.045585215605749484
1551901,2411,226,61,2124,11154159029.997,0.09373703857320614,0.025300705101617586
1702510,2385,0,345,2040,28230836000.0,0.0,0.14465408805031446
1807427,2279,0,294,1985,24182664330.0,0.0,0.12900394910048266
1717310,2217,0,0,2217,2761140833.0,0.0,0.0
1534254,2212,0,0,2212,22108540429.0,0.0,0.0
1954360,2190,5,57,2128,5086536946.918816,0.00228310502283105,0.026027397260273973
1975736,2176,0,44,2132,9142898914.0,0.0,0.02022058823529412
1955010,2161,24,144,1993,5116029776.386757,0.011105969458583989,0.06663581675150393
1508655,2121,45,254,1822,43625636000.0,0.021216407355021217,0.11975483262611976
2012839,2115,0,129,1986,8752487831.0,0.0,0.06099290780141844
1287032,2069,115,281,1673,73852437000.0,0.055582406959884,0.13581440309328177
1901037,2063,104,4,1955,3773183455.5304823,0.050412021328162866,0.0019389238972370335
1849894,2018,14,202,1802,56590311020.0,0.006937561942517344,0.10009910802775025
1794776,2013,24,77,1912,9603490323.0,0.011922503725782414,0.03825136612021858
1920453,1995,8,43,1944,16815616795.334,0.0040100250626566416,0.02155388471177945
1792509,1980,10,312,1658,3538605000.0,0.005050505050505051,0.15757575757575756
1899017,1960,78,74,1808,12187758363.194733,0.03979591836734694,0.03775510204081633
1646614,1952,8,36,1908,12235634254.803497,0.004098360655737705,0.018442622950819672
1988280,1936,4,8,1924,2670223709.0,0.002066115702479339,0.004132231404958678
1890107,1895,23,0,1872,5455193000.0,0.012137203166226913,0.0
1280784,1873,8,723,1142,50127363896.500374,0.004271222637479978,0.38601174586225306
1959604,1866,0,72,1794,10786701000.0,0.0,0.03858520900321544
1976719,1799,25,74,1700,3843388365.0,0.013896609227348526,0.04113396331295164
1959568,1799,0,74,1725,3939960114.0,0.0,0.04113396331295164
1948368,1770,0,79,1691,5372121681.377717,0.0,0.04463276836158192
1989817,1732,76,231,1425,12332753952.0,0.04387990762124711,0.13337182448036952
1899996,1698,9,94,1595,17466995270.0,0.00530035335689046,0.05535924617196702
2006758,1677,0,65,1612,7113212877.413453,0.0,0.03875968992248062
1825590,1670,7,69,1594,5583608985.0,0.004191616766467066,0.04131736526946108
2037804,1668,62,133,1473,12482261000.0,0.03717026378896882,0.07973621103117506
1865174,1630,0,112,1518,5493751000.0,0.0,0.0687116564417178
1372807,1579,89,255,1235,5234958000.0,0.05636478784040532,0.16149461684610514
1841514,1500,18,112,1370,8568037000.0,0.012,0.07466666666666667
1418076,1433,0,0,1433,17398492000.0,0.0,0.0
1911321,1341,14,58,1269,9342324404.0,0.010439970171513796,0.04325130499627144
1781870,1323,37,128,1158,12600670000.0,0.027966742252456538,0.09674981103552532
1923622,1310,32,3,1275,2833999000.0,0.024427480916030534,0.0022900763358778627
1726548,1251,9,0,1242,1950060672.0,0.007194244604316547,0.0
1987221,1249,3,36,1210,5428334000.0,0.0024019215372297837,0.028823058446757407
1889668,1246,0,112,1134,27685583915.0,0.0,0.0898876404494382
1747172,1241,55,55,1131,10680619726.0,0.0443190975020145,0.0443190975020145
1490927,1234,7,80,1147,9706286000.0,0.005672609400324149,0.06482982171799027
1513363,1214,362,3,849,13614134000.0,0.2981878088962109,0.002471169686985173
1487918,1194,70,93,1031,4202864000.0,0.05862646566164154,0.07788944723618091
2028686,1189,7,42,1140,3437274000.0,0.005887300252312868,0.03532380151387721
2033362,1154,20,14,1120,4223249771.0,0.01733102253032929,0.012131715771230503
2031283,1136,3,25,1108,3125589844.321,0.002640845070422535,0.022007042253521125
1944831,1078,20,17,1041,5304584000.0,0.01855287569573284,0.015769944341372914
1817825,1069,0,0,1069,566088000.0,0.0,0.0
1925309,1069,21,150,898,77118375000.0,0.019644527595884004,0.1403180542563143
1143513,1057,159,21,877,9835682000.0,0.15042573320719016,0.019867549668874173
1850787,970,37,28,905,1603600000.0,0.03814432989690722,0.0288659793814433
1895316,944,2,36,906,9264219000.0,0.00211864406779661,0.038135593220338986
1916099,927,0,43,884,15721320322.0,0.0,0.04638619201725998
1860424,859,9,76,774,5901187668.0,0.010477299185098952,0.08847497089639116
1326003,827,121,0,706,2362941133.0,0.14631197097944376,0.0
1950976,812,0,27,785,9246666000.0,0.0,0.0332512315270936
1501729,780,21,59,700,14281597000.0,0.026923076923076925,0.07564102564102564
1487428,761,0,0,761,3011363977.0,0.0,0.0
2011498,736,17,0,719,7434552000.0,0.02309782608695652,0.0
1675033,718,106,8,604,3646292000.0,0.14763231197771587,0.011142061281337047
2052153,701,0,31,670,3459282000.0,0.0,0.0442225392296719
2052152,697,0,30,667,8079993000.0,0.0,0.043041606886657105
1661306,693,70,8,615,511909396.0,0.10101010101010101,0.011544011544011544
2065397,672,0,8,664,572179035.5196762,0.0,0.011904761904761904
1825265,632,1,93,538,12247497349.946,0.0015822784810126582,0.14715189873417722
1905824,626,4,10,612,2508869000.0,0.006389776357827476,0.01597444089456869
1974793,619,0,26,593,7901594000.0,0.0,0.0420032310177706
1715933,616,38,74,504,10808576628.0,0.06168831168831169,0.12012987012987013
1521945,614,7,48,559,690467637.321,0.011400651465798045,0.0781758957654723
1786835,604,0,0,604,2255986989.549884,0.0,0.0
1870267,565,4,63,498,4034552000.0,0.007079646017699115,0.11150442477876106
1851277,545,0,51,494,2183230113.0,0.0,0.09357798165137615
2020354,540,0,30,510,2049024000.0,0.0,0.05555555555555555
1377936,539,3,29,507,6497779945.0,0.0055658627087198514,0.05380333951762523
1571329,531,2,24,505,1353500000.0,0.003766478342749529,0.04519774011299435
2027033,529,0,20,509,496212000.0,0.0,0.03780718336483932
2012139,529,0,0,529,4421782390.342094,0.0,0.0
1578348,515,0,123,392,2091963746.870609,0.0,0.23883495145631067
1965934,506,0,0,506,9436627000.0,0.0,0.0
2049733,500,0,0,500,6797895000.0,0.0,0.0
1580345,497,20,80,397,3124362000.0,0.04024144869215292,0.16096579476861167
1321741,489,0,0,489,8782393000.0,0.0,0.0
1674760,479,18,93,368,4632547000.0,0.037578288100208766,0.1941544885177453
1653384,463,9,103,351,12625391803.0,0.019438444924406047,0.2224622030237581
2082559,453,0,33,420,1051064000.0,0.0,0.0728476821192053
2082557,452,0,31,421,649789000.0,0.0,0.06858407079646017
2061670,421,26,10,385,582505000.0,0.06175771971496437,0.023752969121140142
1916608,404,0,54,350,2160364161.0,0.0,0.13366336633663367
1987731,403,0,0,403,372341247.0,0.0,0.0
1919369,402,0,13,389,8589170224.0,0.0,0.03233830845771144
1666384,375,2,0,373,174505000.0,0.005333333333333333,0.0
1832148,368,2,1,365,879368000.0,0.005434782608695652,0.002717391304347826
1849089,367,4,0,363,2940364000.0,0.010899182561307902,0.0
1932591,350,0,0,350,421489000.0,0.0,0.0
1743415,339,3,2,334,3441645000.0,0.008849557522123894,0.0058997050147492625
1985375,335,13,0,322,452846627.0,0.03880597014925373,0.0
2035713,331,0,31,300,1856455000.0,0.0,0.09365558912386707
1979306,329,0,0,329,1802371007.0,0.0,0.0
81955,311,165,22,124,785965953.0,0.5305466237942122,0.0707395498392283
1843162,299,50,49,200,2568427060.0,0.16722408026755853,0.16387959866220736
2071136,291,13,2,276,1576572000.0,0.044673539518900345,0.006872852233676976
2061174,288,1,0,287,651392000.0,0.003472222222222222,0.0
2083477,268,0,17,251,3875106370.0,0.0,0.06343283582089553
2031750,266,0,0,266,3096217000.0,0.0,0.0
1603480,214,0,20,194,3246023543.0,0.0,0.09345794392523364
1998387,205,0,6,199,2158691000.0,0.0,0.02926829268292683
2018545,189,0,0,189,3847799000.0,0.0,0.0
2089126,188,0,0,188,458907000.0,0.0,0.0
2056516,183,0,1,182,300400026.0,0.0,0.00546448087431694
2033382,175,2,4,169,1286550170.0,0.011428571428571429,0.022857142857142857
2043759,169,0,26,143,735210508.0,0.0,0.15384615384615385
2022625,159,0,0,159,526556000.0,0.0,0.0
2008748,143,0,0,143,1822153000.0,0.0,0.0
2041841,128,0,0,128,518301000.0,0.0,0.0
1259429,127,6,2,119,744000123.0,0.047244094488188976,0.015748031496062992
1642862,106,0,0,106,38863589.0,0.0,0.0
1588272,91,0,0,91,77957620.0,0.0,0.0
2017636,89,0,5,84,2998792000.0,0.0,0.056179775280898875
1779523,89,35,0,54,978786610.5600001,0.39325842696629215,0.0
1490349,86,1,0,85,360691924.0,0.011627906976744186,0.0
2066811,58,0,8,50,668459743.0,0.0,0.13793103448275862
1948565,53,0,5,48,110695133.81,0.0,0.09433962264150944
2043133,48,0,0,48,1180779462.0,0.0,0.0
2025369,34,0,0,34,126994350.0,0.0,0.0
1822523,32,8,0,24,569001223.0,0.25,0.0
1984739,29,0,2,27,41006611.0,0.0,0.06896551724137931
1950572,23,0,0,23,353143078.0,0.0,0.0
845385,20,5,0,15,57664131.0,0.25,0.0
2045370,1,0,0,1,0.0,0.0,0.0
