cal_q,n_positions,mean_rate_share,median_rate_share,mean_income_share,median_income_share,mean_cap_burden,mean_pos_expansion,pct_loans_expanded,weighted_rate_share,weighted_income_share,weighted_cap_expansion
2023Q1,20283,0.038765109727092475,0.0,0.00024076382562680682,0.0,-0.001475445706287889,0.5282388466564871,0.006951634373613371,0.030726017053360526,0.031195326689290103,0.1295738970418874
2023Q2,21047,0.03961486341297872,0.0,0.026856307045800314,0.0,0.0066484870183318385,0.2705323226648947,0.14733691262412696,0.06486265817789771,0.06091472517554888,0.020617018068755332
2023Q3,23811,0.04181224707444647,0.0,0.024787144141437015,0.0,0.01046608643125657,0.33828380921705675,0.1463609256226114,0.05452223231178395,0.05326990455435288,0.05108763647498298
2023Q4,26362,0.043038476433831074,0.0,0.023860198737798342,0.0,0.025593758184719307,0.376091549485244,0.17540399059251954,0.062116537158435375,0.05587875345871226,0.06570812276817153
2024Q1,28928,0.0448846045174808,0.0,0.02834058124970229,0.0,0.03289585073035639,0.4180696772175058,0.18812223451327434,0.07429348593330584,0.06723629844219979,0.08428129418922166
2024Q2,30617,0.04376855856407795,0.0,0.02739936248721909,0.0,0.035717925985116,0.43794893824725334,0.1880981154260705,0.07156681828106146,0.07111501664820827,0.10926191519854635
2024Q3,33392,0.046665276201716975,0.0,0.02826926879047244,0.0,0.040329539866154354,0.42971529028795924,0.2057977958792525,0.060072753214644906,0.0640762310966925,0.11914393010331202
2024Q4,34531,0.04735373962103797,0.0,0.026298436209867156,0.0,0.04262127699019636,0.4724100134231385,0.18369001766528625,0.06126288111996429,0.059378331749858015,0.1395469834566265
2025Q1,36990,0.04741557159770305,0.0,0.028550933243300675,0.0,0.05066345023715431,0.45802949028970896,0.20913760475804272,0.06213479251467792,0.06085428496097336,0.15860785688445542
2025Q2,40116,0.048276672089954335,0.0,0.028611880119899177,0.0,0.05531223260625671,0.4614167298203761,0.21402931498653904,0.060178127341655584,0.05980760206025906,0.1738737232112256
2025Q3,41778,0.05103969722163897,0.0,0.029749914857237564,0.0,0.042762270814458915,0.4446671260692591,0.19663459236918954,0.06415749237114214,0.06046443502401308,0.17418768078883085
2025Q4,44772,0.04888776805281266,0.0,0.00931875344730747,0.0,0.01182630361876881,0.4610222269418777,0.06528633967658358,0.04894013238385742,0.048877439735751455,0.15244650467516913
2026Q1,45991,0.04790019036455121,0.0,0.023267922326029835,0.0,0.0012779059611143866,0.3088903598993487,0.09530125459328999,0.059435039572033395,0.06046371728896819,0.04958070910109363
2026Q2,47785,0.0496137998317627,0.0,0.02709959601641469,0.0,-0.004005910407507457,0.2615158234485762,0.11154127864392592,0.05982680205125543,0.060362677562693784,0.03026650404508229
