cal_q,pik_provenance,n_positions,total_fv,total_par,pct_positions,pct_fv
2023Q1,explicit_pik,400,2516694061.0,2600273423.7129664,0.019720948577626584,0.010821816518204056
2023Q1,inferred_pik,1152,24708026562.0,26812665239.69839,0.05679633190356456,0.10624482893031159
2023Q1,zero_pik,18731,205332730038.49582,295791384313.3936,0.9234827195188089,0.8829333545514844
2023Q2,explicit_pik,406,2669792779.0,2706585382.9543576,0.01929016011783152,0.011096265647431635
2023Q2,inferred_pik,1259,26609619458.840607,28654373484.065273,0.05981850144913765,0.11059562697707087
2023Q2,zero_pik,19382,211323405307.17334,298156675432.3799,0.9208913384330308,0.8783081073754975
2023Q3,explicit_pik,476,2391661382.0,2593878461.2142854,0.019990760572844483,0.009755425468242322
2023Q3,inferred_pik,1621,27631848032.493763,29275212461.951332,0.06807777917769098,0.1127084444560351
2023Q3,zero_pik,21714,215138671341.82297,224874290479.55533,0.9119314602494646,0.8775361300757225
2023Q4,explicit_pik,566,3247004429.0,3449434304.4080806,0.021470298156437296,0.011801949315336287
2023Q4,inferred_pik,1848,34357441616.01515,36567078075.668846,0.07010090281465746,0.12487965243759033
2023Q4,zero_pik,23948,237519971307.00763,268712670303.3315,0.9084287990289053,0.8633183982470735
2024Q1,explicit_pik,594,3917081489.0,4160854966.4059334,0.020533738938053096,0.013142693167611316
2024Q1,inferred_pik,2106,38383915449.92812,40185397148.94208,0.07280143805309734,0.12878670631351288
2024Q1,zero_pik,26228,255741530497.7776,271292909649.5332,0.9066648230088495,0.8580706005188758
2024Q2,explicit_pik,625,4084526564.76,4429333938.33487,0.020413495770323677,0.012482104270849243
2024Q2,inferred_pik,2105,39645765631.159195,41330330101.94402,0.06875265375445014,0.12115543200901122
2024Q2,zero_pik,27887,283500315410.7662,504283482634.18726,0.9108338504752261,0.8663624637201396
2024Q3,explicit_pik,653,4660437815.76,4994073176.748439,0.019555582175371348,0.013008692376751061
2024Q3,inferred_pik,2427,38051990386.6302,55102742669.07957,0.07268207954000959,0.10621462120765103
2024Q3,zero_pik,30312,315543242758.7484,418966059183.5793,0.907762338284619,0.8807766864155979
2024Q4,explicit_pik,754,4514301432.0,4962528707.833232,0.021835452202368887,0.011657972433413037
2024Q4,inferred_pik,2454,43037859895.53407,63762964320.29517,0.07106657785757725,0.11114326143545585
2024Q4,zero_pik,31323,339676531979.5039,373602431763.34143,0.9070979699400539,0.8771987661311311
2025Q1,explicit_pik,765,4638683894.0,4995604239.7969475,0.02068126520681265,0.01112721855752426
2025Q1,inferred_pik,2634,46241092723.501564,47750269706.589035,0.07120843471208435,0.110922571322155
2025Q1,zero_pik,33591,365997439374.92694,371792705113.39703,0.908110300081103,0.8779502101203207
2025Q2,explicit_pik,813,5157943997.0,5513183976.749593,0.020266227938976967,0.011528178765023267
2025Q2,inferred_pik,2806,48806534161.705666,82949265094.21533,0.06994715325555888,0.10908424966316244
2025Q2,zero_pik,36497,393456064334.03467,464119913281.83496,0.9097866188054642,0.8793875715718142
2025Q3,explicit_pik,900,5636798048.0,5964997676.835539,0.021542438604049977,0.011839442485662365
2025Q3,inferred_pik,3018,55766635999.12614,64816752379.063805,0.0722389774522476,0.11713137031133926
2025Q3,zero_pik,37860,414699900618.015,426685045447.0918,0.9062185839437025,0.8710291872029984
2025Q4,explicit_pik,862,5980332117.721678,6665772489.730224,0.019253104618958277,0.011793778005100094
2025Q4,inferred_pik,3137,52427782020.69906,55222979119.58503,0.07006611274903958,0.10339252240182677
2025Q4,zero_pik,40773,448667066955.8433,600551670841.1427,0.9106807826320021,0.8848136995930732
2026Q1,explicit_pik,838,5713688577.712,6502765573.011377,0.01822095627405362,0.011708935845027482
2026Q1,inferred_pik,3317,51146242509.72142,54234820399.41997,0.07212280663608098,0.10481286547478534
2026Q1,zero_pik,41836,431116828998.62286,447220720476.9123,0.9096562370898654,0.8834781986801872
2026Q2,explicit_pik,898,6382811527.975366,7151886607.291004,0.0187925081092393,0.012565614036029132
2026Q2,inferred_pik,3590,52838752905.55208,56562049813.314415,0.07512817829862928,0.104021773515673
2026Q2,zero_pik,43297,448737020771.6252,467231642435.9798,0.9060793135921315,0.8834126124482978
