cal_q,total_positions,total_fv,seasoned_positions,n_amendments,amendment_fv,pct_amendment_count,pct_amendment_fv,count_seasoned_pik_continuation,count_stable_cash,count_contractual_pik,count_cured_pik,count_distress_amendment_pik,fv_sum_seasoned_pik_continuation,fv_sum_stable_cash,fv_sum_contractual_pik,fv_sum_cured_pik,fv_sum_distress_amendment_pik
2023Q1,20283,232557450661.49582,0,0,0.0,NaN,0.0,,18731,1552,,,,205332730038.49582,27224720623.0,,
2023Q2,21047,240602817545.01395,14176,197,2662540201.0,0.013896726862302483,0.0110661222847146,1044,19319,424,63,197,21370318093.088608,210571961339.17334,5246553943.752,751443968.0,2662540201.0
2023Q3,23811,245162180756.3167,14882,277,3184514699.0,0.01861308963848945,0.012989420673188189,1100,21621,720,93,277,19881638255.493763,214115609601.82297,6957356460.0,1023061740.0,3184514699.0
2023Q4,26362,275124417352.02277,14363,292,5207055016.0,0.020330014620900925,0.01892618280164335,1063,23816,1059,132,292,19502083404.982,235460039538.00763,12895307624.03315,2059931769.0,5207055016.0
2024Q1,28928,298042527436.7057,17851,276,4909183613.0,0.01546131869363061,0.016471419885011367,1499,26099,925,129,276,26878021099.92812,252269508741.7776,10513792226.0,3472021756.0,4909183613.0
2024Q2,30617,327230607606.68536,16977,247,2833061800.642336,0.014549095835542205,0.00865769196030566,1496,27729,987,158,247,29283907790.51686,280108111887.226,11613322604.76,3392203523.540146,2833061800.642336
2024Q3,33392,358255670961.1386,19211,338,2968107114.4142013,0.01759408672114934,0.008284885223034371,1637,30124,1105,188,338,27358995437.829,308638769343.9851,12385325650.147,6904473414.763313,2968107114.4142013
2024Q4,34531,387228693307.038,17575,320,6946854621.484006,0.018207681365576104,0.017939927338947906,1478,31084,1410,239,320,25615761724.050068,334442819712.9462,14989544982.0,5233712266.557719,6946854621.484006
2025Q1,36990,416877215992.4285,20262,307,5011266954.095238,0.015151515151515152,0.012020966274602673,1768,33399,1324,192,307,32294998846.096523,363375767047.28235,13573510817.309807,2621672327.6445994,5011266954.095238
2025Q2,40116,447420542492.74036,23021,273,5407498560.0,0.011858737674297381,0.012085941628591494,1958,36344,1388,153,273,31787149295.246,391410600796.03467,16769830303.45967,2045463538.0,5407498560.0
2025Q3,41778,476103334665.1412,21347,409,5693528443.0,0.01915960088068581,0.011958598120310252,1976,37714,1533,146,409,38623685976.489,413097440515.015,17086219627.637135,1602460103.0,5693528443.0
2025Q4,44772,507075181094.26404,8274,123,1020036178.0,0.014865844815083394,0.0020116073829501385,626,40699,3250,74,123,6974442441.257344,447803730554.8433,50413635519.16339,863336401.0,1020036178.0
2026Q1,45991,487976760086.0563,19329,253,3256435937.017,0.013089140669460396,0.00667334226417405,1673,41669,2229,167,253,30557227595.34586,427949381151.62286,23046267555.07056,3167447847.0,3256435937.017
2026Q2,47785,507958585205.15265,21955,329,3052482966.1014824,0.01498519699385106,0.0060093146469188145,2101,43152,2058,145,329,34742319275.873886,445798351540.6252,21426762191.552074,2938669231.0,3052482966.1014824
